symbol,usd_rate,inserted_at
CRYPT3,0.42479,2019-09-08 23:00:00+00:00
CRYPT5,25.692589,2019-09-08 23:00:00+00:00
CRYPT2,1929.619472,2019-09-08 23:00:00+00:00
CRYPT1,158.660211,2019-09-08 23:00:00+00:00
CRYPT6,0.009389,2019-09-08 23:00:00+00:00
CRYPT4,175.870049,2019-09-08 23:00:00+00:00
CRYPT0,0.141084,2019-09-08 23:00:00+00:00
CRYPT7,0.759888,2019-09-08 23:00:00+00:00
CRYPT3,0.679321,2019-09-08 22:00:00+00:00
CRYPT1,9.063717,2019-09-08 22:00:00+00:00
CRYPT6,0.42656,2019-09-08 22:00:00+00:00
CRYPT5,28.425806,2019-09-08 22:00:00+00:00
CRYPT2,1979.769146,2019-09-08 22:00:00+00:00
CRYPT0,0.135785,2019-09-08 22:00:00+00:00
CRYPT4,111.824212,2019-09-08 22:00:00+00:00
CRYPT7,0.929421,2019-09-08 22:00:00+00:00
CRYPT5,22.718686,2019-09-08 21:00:00+00:00
CRYPT6,0.275153,2019-09-08 21:00:00+00:00
CRYPT0,0.127705,2019-09-08 21:00:00+00:00
CRYPT4,180.053888,2019-09-08 21:00:00+00:00
CRYPT3,0.309748,2019-09-08 21:00:00+00:00
CRYPT7,0.17274,2019-09-08 21:00:00+00:00
CRYPT2,1827.030252,2019-09-08 21:00:00+00:00
CRYPT1,50.071177,2019-09-08 21:00:00+00:00
CRYPT0,0.103703,2019-09-08 20:00:00+00:00
CRYPT0,0.083795,2019-09-08 19:00:00+00:00
CRYPT0,0.081764,2019-09-08 18:00:00+00:00
CRYPT0,0.041775,2019-09-08 17:00:00+00:00
CRYPT0,0.150579,2019-09-08 15:00:00+00:00
CRYPT0,0.0827,2019-09-08 13:00:00+00:00
CRYPT0,0.009499,2019-09-08 12:00:00+00:00
CRYPT0,0.17497,2019-09-08 11:00:00+00:00
CRYPT0,0.034127,2019-09-08 10:00:00+00:00
CRYPT0,0.123501,2019-09-08 03:00:00+00:00
CRYPT0,0.14261,2019-09-08 00:00:00+00:00
CRYPT0,0.082318,2019-09-08 08:00:00+00:00
CRYPT0,0.045585,2019-09-08 05:00:00+00:00
CRYPT0,0.076809,2019-09-08 02:00:00+00:00
CRYPT0,0.036584,2019-09-08 07:00:00+00:00
CRYPT0,0.083019,2019-09-08 04:00:00+00:00
CRYPT0,0.040244,2019-09-08 01:00:00+00:00
CRYPT0,0.028335,2019-09-08 09:00:00+00:00
CRYPT0,0.038001,2019-09-08 06:00:00+00:00
CRYPT0,0.028111,2019-09-08 14:00:00+00:00
CRYPT0,0.167075,2019-09-08 16:00:00+00:00
CRYPT1,189.858126,2019-09-08 19:00:00+00:00
CRYPT1,221.997818,2019-09-08 18:00:00+00:00
CRYPT1,267.913234,2019-09-08 17:00:00+00:00
CRYPT1,289.232443,2019-09-08 15:00:00+00:00
CRYPT1,36.599773,2019-09-08 14:00:00+00:00
CRYPT1,266.955606,2019-09-08 13:00:00+00:00
CRYPT1,29.002556,2019-09-08 12:00:00+00:00
CRYPT1,239.598696,2019-09-08 11:00:00+00:00
CRYPT1,200.578808,2019-09-08 10:00:00+00:00
CRYPT1,267.156695,2019-09-08 03:00:00+00:00
CRYPT1,196.908794,2019-09-08 00:00:00+00:00
CRYPT1,12.779356,2019-09-08 08:00:00+00:00
CRYPT1,194.436301,2019-09-08 05:00:00+00:00
CRYPT1,215.242753,2019-09-08 02:00:00+00:00
CRYPT1,139.893481,2019-09-08 07:00:00+00:00
CRYPT1,207.962462,2019-09-08 04:00:00+00:00
CRYPT1,242.335622,2019-09-08 01:00:00+00:00
CRYPT1,59.586467,2019-09-08 09:00:00+00:00
CRYPT1,52.117102,2019-09-08 06:00:00+00:00
CRYPT1,2.850961,2019-09-08 16:00:00+00:00
CRYPT1,228.355256,2019-09-08 20:00:00+00:00
CRYPT2,8463.823506,2019-09-08 19:00:00+00:00
CRYPT2,492.191741,2019-09-08 18:00:00+00:00
CRYPT2,774.150785,2019-09-08 15:00:00+00:00
CRYPT2,8455.339121,2019-09-08 14:00:00+00:00
CRYPT2,7958.053541,2019-09-08 13:00:00+00:00
CRYPT2,8082.060751,2019-09-08 12:00:00+00:00
CRYPT2,3873.58884,2019-09-08 11:00:00+00:00
CRYPT2,4506.842292,2019-09-08 10:00:00+00:00
CRYPT2,7059.936438,2019-09-08 03:00:00+00:00
CRYPT2,1861.756947,2019-09-08 00:00:00+00:00
CRYPT2,6381.732452,2019-09-08 08:00:00+00:00
CRYPT2,4212.570119,2019-09-08 05:00:00+00:00
CRYPT2,8700.526408,2019-09-08 02:00:00+00:00
CRYPT2,7521.401893,2019-09-08 07:00:00+00:00
CRYPT2,394.60669,2019-09-08 04:00:00+00:00
CRYPT2,4301.344935,2019-09-08 01:00:00+00:00
CRYPT2,4964.290819,2019-09-08 09:00:00+00:00
CRYPT2,2973.715694,2019-09-08 06:00:00+00:00
CRYPT2,2105.961682,2019-09-08 16:00:00+00:00
CRYPT2,1339.378572,2019-09-08 17:00:00+00:00
CRYPT2,2288.093648,2019-09-08 20:00:00+00:00
CRYPT3,0.002169,2019-09-08 19:00:00+00:00
CRYPT3,0.205055,2019-09-08 18:00:00+00:00
CRYPT3,0.696476,2019-09-08 16:00:00+00:00
CRYPT3,0.594796,2019-09-08 15:00:00+00:00
CRYPT3,0.996831,2019-09-08 13:00:00+00:00
CRYPT3,0.268866,2019-09-08 12:00:00+00:00
CRYPT3,0.396893,2019-09-08 11:00:00+00:00
CRYPT3,0.791211,2019-09-08 10:00:00+00:00
CRYPT3,0.717602,2019-09-08 03:00:00+00:00
CRYPT3,0.232535,2019-09-08 00:00:00+00:00
CRYPT3,0.283247,2019-09-08 08:00:00+00:00
CRYPT3,0.276299,2019-09-08 05:00:00+00:00
CRYPT3,0.131434,2019-09-08 02:00:00+00:00
CRYPT3,0.542317,2019-09-08 07:00:00+00:00
CRYPT3,0.968978,2019-09-08 04:00:00+00:00
CRYPT3,0.509378,2019-09-08 01:00:00+00:00
CRYPT3,0.092334,2019-09-08 09:00:00+00:00
CRYPT3,0.659903,2019-09-08 06:00:00+00:00
CRYPT3,0.508225,2019-09-08 14:00:00+00:00
CRYPT3,0.342887,2019-09-08 17:00:00+00:00
CRYPT3,0.621615,2019-09-08 20:00:00+00:00
CRYPT4,158.037855,2019-09-08 19:00:00+00:00
CRYPT4,149.604464,2019-09-08 18:00:00+00:00
CRYPT4,40.120669,2019-09-08 16:00:00+00:00
CRYPT4,41.091291,2019-09-08 15:00:00+00:00
CRYPT4,110.296524,2019-09-08 14:00:00+00:00
CRYPT4,113.65289,2019-09-08 13:00:00+00:00
CRYPT4,25.524927,2019-09-08 12:00:00+00:00
CRYPT4,162.416164,2019-09-08 11:00:00+00:00
CRYPT4,117.696734,2019-09-08 10:00:00+00:00
CRYPT4,62.836289,2019-09-08 03:00:00+00:00
CRYPT4,157.422924,2019-09-08 00:00:00+00:00
CRYPT4,13.75303,2019-09-08 08:00:00+00:00
CRYPT4,82.935575,2019-09-08 05:00:00+00:00
CRYPT4,175.983155,2019-09-08 02:00:00+00:00
CRYPT4,11.591961,2019-09-08 07:00:00+00:00
CRYPT4,60.324198,2019-09-08 04:00:00+00:00
CRYPT4,175.901826,2019-09-08 01:00:00+00:00
CRYPT4,46.662299,2019-09-08 09:00:00+00:00
CRYPT4,113.241654,2019-09-08 06:00:00+00:00
CRYPT4,129.640978,2019-09-08 17:00:00+00:00
CRYPT4,3.222505,2019-09-08 20:00:00+00:00
CRYPT5,1.372523,2019-09-08 19:00:00+00:00
CRYPT5,21.054787,2019-09-08 18:00:00+00:00
CRYPT5,58.937311,2019-09-08 17:00:00+00:00
CRYPT5,67.150502,2019-09-08 15:00:00+00:00
CRYPT5,61.684761,2019-09-08 14:00:00+00:00
CRYPT5,62.56939,2019-09-08 13:00:00+00:00
CRYPT5,28.00562,2019-09-08 12:00:00+00:00
CRYPT5,66.689241,2019-09-08 11:00:00+00:00
CRYPT5,21.831954,2019-09-08 10:00:00+00:00
CRYPT5,50.051728,2019-09-08 03:00:00+00:00
CRYPT5,31.07971,2019-09-08 00:00:00+00:00
CRYPT5,36.636399,2019-09-08 08:00:00+00:00
CRYPT5,16.552545,2019-09-08 05:00:00+00:00
CRYPT5,3.610141,2019-09-08 02:00:00+00:00
CRYPT5,2.243719,2019-09-08 07:00:00+00:00
CRYPT5,64.742809,2019-09-08 04:00:00+00:00
CRYPT5,8.154347,2019-09-08 01:00:00+00:00
CRYPT5,22.422166,2019-09-08 09:00:00+00:00
CRYPT5,33.83187,2019-09-08 06:00:00+00:00
CRYPT5,2.072644,2019-09-08 16:00:00+00:00
CRYPT5,8.458162,2019-09-08 20:00:00+00:00
CRYPT6,1.025136,2019-09-08 19:00:00+00:00
CRYPT6,0.712665,2019-09-08 18:00:00+00:00
CRYPT6,0.84309,2019-09-08 17:00:00+00:00
CRYPT6,0.731539,2019-09-08 15:00:00+00:00
CRYPT6,0.300163,2019-09-08 14:00:00+00:00
CRYPT6,0.341179,2019-09-08 13:00:00+00:00
CRYPT6,0.460214,2019-09-08 12:00:00+00:00
CRYPT6,1.077118,2019-09-08 11:00:00+00:00
CRYPT6,0.499425,2019-09-08 10:00:00+00:00
CRYPT6,0.338652,2019-09-08 03:00:00+00:00
CRYPT6,0.851648,2019-09-08 00:00:00+00:00
CRYPT6,0.189008,2019-09-08 08:00:00+00:00
CRYPT6,0.66809,2019-09-08 05:00:00+00:00
CRYPT6,0.806606,2019-09-08 02:00:00+00:00
CRYPT6,0.491779,2019-09-08 07:00:00+00:00
CRYPT6,0.740025,2019-09-08 04:00:00+00:00
CRYPT6,0.855487,2019-09-08 01:00:00+00:00
CRYPT6,0.255883,2019-09-08 09:00:00+00:00
CRYPT6,0.857158,2019-09-08 06:00:00+00:00
CRYPT6,0.609104,2019-09-08 16:00:00+00:00
CRYPT6,0.606629,2019-09-08 20:00:00+00:00
CRYPT7,0.353062,2019-09-08 20:00:00+00:00
CRYPT7,0.899713,2019-09-08 19:00:00+00:00
CRYPT7,0.358081,2019-09-08 18:00:00+00:00
CRYPT7,0.134538,2019-09-08 17:00:00+00:00
CRYPT7,0.230285,2019-09-08 15:00:00+00:00
CRYPT7,0.63244,2019-09-08 14:00:00+00:00
CRYPT7,0.481527,2019-09-08 13:00:00+00:00
CRYPT7,0.663701,2019-09-08 12:00:00+00:00
CRYPT7,0.300752,2019-09-08 11:00:00+00:00
CRYPT7,0.489918,2019-09-08 10:00:00+00:00
CRYPT7,0.706661,2019-09-08 03:00:00+00:00
CRYPT7,0.206715,2019-09-08 00:00:00+00:00
CRYPT7,0.363956,2019-09-08 08:00:00+00:00
CRYPT7,0.739186,2019-09-08 05:00:00+00:00
CRYPT7,0.724616,2019-09-08 02:00:00+00:00
CRYPT7,0.507583,2019-09-08 07:00:00+00:00
CRYPT7,0.82486,2019-09-08 04:00:00+00:00
CRYPT7,0.11497,2019-09-08 01:00:00+00:00
CRYPT7,0.586677,2019-09-08 09:00:00+00:00
CRYPT7,0.078905,2019-09-08 06:00:00+00:00
CRYPT7,0.668654,2019-09-08 16:00:00+00:00
CRYPT2,6287.956611,2019-09-09 23:00:00+00:00
CRYPT4,68.499271,2019-09-09 23:00:00+00:00
CRYPT3,0.525109,2019-09-09 23:00:00+00:00
CRYPT5,27.758648,2019-09-09 23:00:00+00:00
CRYPT0,0.022171,2019-09-09 23:00:00+00:00
CRYPT6,0.547217,2019-09-09 23:00:00+00:00
CRYPT1,47.408421,2019-09-09 23:00:00+00:00
CRYPT7,0.206375,2019-09-09 23:00:00+00:00
CRYPT4,73.920118,2019-09-09 22:00:00+00:00
CRYPT0,0.117603,2019-09-09 22:00:00+00:00
CRYPT1,188.040405,2019-09-09 22:00:00+00:00
CRYPT6,0.511305,2019-09-09 21:00:00+00:00
CRYPT3,0.170993,2019-09-09 21:00:00+00:00
CRYPT1,66.826756,2019-09-09 21:00:00+00:00
CRYPT2,4733.087737,2019-09-09 21:00:00+00:00
CRYPT7,0.141,2019-09-09 21:00:00+00:00
CRYPT4,139.233762,2019-09-09 21:00:00+00:00
CRYPT0,0.022196,2019-09-09 21:00:00+00:00
CRYPT5,49.986477,2019-09-09 21:00:00+00:00
CRYPT0,0.114587,2019-09-09 19:00:00+00:00
CRYPT0,0.153017,2019-09-09 18:00:00+00:00
CRYPT0,0.121934,2019-09-09 17:00:00+00:00
CRYPT0,0.121957,2019-09-09 04:00:00+00:00
CRYPT0,0.018482,2019-09-09 01:00:00+00:00
CRYPT0,0.003598,2019-09-09 12:00:00+00:00
CRYPT0,0.134202,2019-09-09 09:00:00+00:00
CRYPT0,0.052711,2019-09-09 06:00:00+00:00
CRYPT0,0.160151,2019-09-09 03:00:00+00:00
CRYPT0,0.107212,2019-09-09 14:00:00+00:00
CRYPT0,0.105349,2019-09-09 00:00:00+00:00
CRYPT0,0.055602,2019-09-09 11:00:00+00:00
CRYPT0,0.109147,2019-09-09 08:00:00+00:00
CRYPT0,0.077163,2019-09-09 05:00:00+00:00
CRYPT0,0.158755,2019-09-09 02:00:00+00:00
CRYPT0,0.164262,2019-09-09 13:00:00+00:00
CRYPT0,0.081546,2019-09-09 10:00:00+00:00
CRYPT0,0.06289,2019-09-09 07:00:00+00:00
CRYPT0,0.035609,2019-09-09 15:00:00+00:00
CRYPT0,0.091797,2019-09-09 16:00:00+00:00
CRYPT0,0.16128,2019-09-09 20:00:00+00:00
CRYPT1,31.629149,2019-09-09 20:00:00+00:00
CRYPT1,44.590362,2019-09-09 19:00:00+00:00
CRYPT1,193.792902,2019-09-09 18:00:00+00:00
CRYPT1,132.51707,2019-09-09 17:00:00+00:00
CRYPT1,143.267484,2019-09-09 16:00:00+00:00
CRYPT1,101.689307,2019-09-09 04:00:00+00:00
CRYPT1,211.510424,2019-09-09 01:00:00+00:00
CRYPT1,67.244116,2019-09-09 12:00:00+00:00
CRYPT1,63.178492,2019-09-09 09:00:00+00:00
CRYPT1,103.581928,2019-09-09 06:00:00+00:00
CRYPT1,49.248412,2019-09-09 03:00:00+00:00
CRYPT1,43.495418,2019-09-09 14:00:00+00:00
CRYPT1,257.315688,2019-09-09 00:00:00+00:00
CRYPT1,119.295477,2019-09-09 11:00:00+00:00
CRYPT1,170.751154,2019-09-09 08:00:00+00:00
CRYPT1,8.993489,2019-09-09 05:00:00+00:00
CRYPT1,214.827018,2019-09-09 02:00:00+00:00
CRYPT1,99.258151,2019-09-09 13:00:00+00:00
CRYPT1,200.21769,2019-09-09 10:00:00+00:00
CRYPT1,88.437667,2019-09-09 07:00:00+00:00
CRYPT1,50.761845,2019-09-09 15:00:00+00:00
CRYPT2,5615.979022,2019-09-09 19:00:00+00:00
CRYPT2,4901.25872,2019-09-09 18:00:00+00:00
CRYPT2,1167.504045,2019-09-09 17:00:00+00:00
CRYPT2,7113.463838,2019-09-09 15:00:00+00:00
CRYPT2,4906.506863,2019-09-09 04:00:00+00:00
CRYPT2,4215.923128,2019-09-09 01:00:00+00:00
CRYPT2,3130.741717,2019-09-09 12:00:00+00:00
CRYPT2,2161.927681,2019-09-09 09:00:00+00:00
CRYPT2,3051.726392,2019-09-09 06:00:00+00:00
CRYPT2,6609.847809,2019-09-09 03:00:00+00:00
CRYPT2,6860.113775,2019-09-09 14:00:00+00:00
CRYPT2,528.332266,2019-09-09 00:00:00+00:00
CRYPT2,1196.095113,2019-09-09 11:00:00+00:00
CRYPT2,3620.872384,2019-09-09 08:00:00+00:00
CRYPT2,5710.176478,2019-09-09 05:00:00+00:00
CRYPT2,7522.501273,2019-09-09 02:00:00+00:00
CRYPT2,3527.890219,2019-09-09 13:00:00+00:00
CRYPT2,5288.108901,2019-09-09 10:00:00+00:00
CRYPT2,5858.952319,2019-09-09 07:00:00+00:00
CRYPT2,9215.169532,2019-09-09 16:00:00+00:00
CRYPT2,1458.99262,2019-09-09 20:00:00+00:00
CRYPT3,0.685283,2019-09-09 20:00:00+00:00
CRYPT3,0.928073,2019-09-09 19:00:00+00:00
CRYPT3,0.490928,2019-09-09 17:00:00+00:00
CRYPT3,0.339065,2019-09-09 15:00:00+00:00
CRYPT3,0.174636,2019-09-09 04:00:00+00:00
CRYPT3,0.937533,2019-09-09 01:00:00+00:00
CRYPT3,0.345198,2019-09-09 12:00:00+00:00
CRYPT3,0.688118,2019-09-09 09:00:00+00:00
CRYPT3,0.370053,2019-09-09 06:00:00+00:00
CRYPT3,0.372897,2019-09-09 03:00:00+00:00
CRYPT3,0.054835,2019-09-09 14:00:00+00:00
CRYPT3,0.834139,2019-09-09 00:00:00+00:00
CRYPT3,0.779392,2019-09-09 11:00:00+00:00
CRYPT3,0.385936,2019-09-09 08:00:00+00:00
CRYPT3,0.37844,2019-09-09 05:00:00+00:00
CRYPT3,0.801359,2019-09-09 02:00:00+00:00
CRYPT3,0.810891,2019-09-09 13:00:00+00:00
CRYPT3,0.461595,2019-09-09 10:00:00+00:00
CRYPT3,0.946281,2019-09-09 07:00:00+00:00
CRYPT3,0.397311,2019-09-09 16:00:00+00:00
CRYPT3,0.227384,2019-09-09 18:00:00+00:00
CRYPT4,31.249712,2019-09-09 19:00:00+00:00
CRYPT4,74.75112,2019-09-09 18:00:00+00:00
CRYPT4,162.96698,2019-09-09 17:00:00+00:00
CRYPT4,147.202137,2019-09-09 15:00:00+00:00
CRYPT4,134.356744,2019-09-09 04:00:00+00:00
CRYPT4,31.235374,2019-09-09 01:00:00+00:00
CRYPT4,128.783864,2019-09-09 12:00:00+00:00
CRYPT4,17.996325,2019-09-09 09:00:00+00:00
CRYPT4,62.394206,2019-09-09 06:00:00+00:00
CRYPT4,114.206009,2019-09-09 03:00:00+00:00
CRYPT4,28.979695,2019-09-09 14:00:00+00:00
CRYPT4,46.866549,2019-09-09 00:00:00+00:00
CRYPT4,13.317331,2019-09-09 11:00:00+00:00
CRYPT4,166.554995,2019-09-09 08:00:00+00:00
CRYPT4,18.077949,2019-09-09 05:00:00+00:00
CRYPT4,5.549758,2019-09-09 02:00:00+00:00
CRYPT4,35.601116,2019-09-09 13:00:00+00:00
CRYPT4,32.905114,2019-09-09 10:00:00+00:00
CRYPT4,157.928364,2019-09-09 07:00:00+00:00
CRYPT4,115.661714,2019-09-09 16:00:00+00:00
CRYPT4,139.770083,2019-09-09 20:00:00+00:00
CRYPT5,32.730465,2019-09-09 20:00:00+00:00
CRYPT5,7.993505,2019-09-09 19:00:00+00:00
CRYPT5,33.412686,2019-09-09 18:00:00+00:00
CRYPT5,49.973042,2019-09-09 17:00:00+00:00
CRYPT5,48.294166,2019-09-09 15:00:00+00:00
CRYPT5,1.944521,2019-09-09 04:00:00+00:00
CRYPT5,55.208595,2019-09-09 01:00:00+00:00
CRYPT5,25.461387,2019-09-09 12:00:00+00:00
CRYPT5,3.935757,2019-09-09 09:00:00+00:00
CRYPT5,57.516232,2019-09-09 06:00:00+00:00
CRYPT5,55.364311,2019-09-09 03:00:00+00:00
CRYPT5,17.333337,2019-09-09 14:00:00+00:00
CRYPT5,29.880713,2019-09-09 00:00:00+00:00
CRYPT5,47.437925,2019-09-09 11:00:00+00:00
CRYPT5,55.091467,2019-09-09 08:00:00+00:00
CRYPT5,9.471779,2019-09-09 05:00:00+00:00
CRYPT5,6.465222,2019-09-09 02:00:00+00:00
CRYPT5,65.109218,2019-09-09 13:00:00+00:00
CRYPT5,14.725825,2019-09-09 10:00:00+00:00
CRYPT5,8.856831,2019-09-09 07:00:00+00:00
CRYPT5,18.699153,2019-09-09 16:00:00+00:00
CRYPT6,0.44896,2019-09-09 19:00:00+00:00
CRYPT6,0.494488,2019-09-09 18:00:00+00:00
CRYPT6,1.009777,2019-09-09 17:00:00+00:00
CRYPT6,0.893739,2019-09-09 16:00:00+00:00
CRYPT6,0.642509,2019-09-09 04:00:00+00:00
CRYPT6,0.068433,2019-09-09 01:00:00+00:00
CRYPT6,0.227723,2019-09-09 12:00:00+00:00
CRYPT6,0.676813,2019-09-09 09:00:00+00:00
CRYPT6,0.244918,2019-09-09 06:00:00+00:00
CRYPT6,0.401017,2019-09-09 03:00:00+00:00
CRYPT6,1.045746,2019-09-09 14:00:00+00:00
CRYPT6,0.864538,2019-09-09 00:00:00+00:00
CRYPT6,0.216322,2019-09-09 11:00:00+00:00
CRYPT6,0.1887,2019-09-09 08:00:00+00:00
CRYPT6,0.19753,2019-09-09 05:00:00+00:00
CRYPT6,0.767412,2019-09-09 02:00:00+00:00
CRYPT6,0.085074,2019-09-09 13:00:00+00:00
CRYPT6,0.834816,2019-09-09 10:00:00+00:00
CRYPT6,0.539052,2019-09-09 07:00:00+00:00
CRYPT6,0.067578,2019-09-09 15:00:00+00:00
CRYPT6,0.40084,2019-09-09 20:00:00+00:00
CRYPT7,0.672067,2019-09-09 19:00:00+00:00
CRYPT7,0.042535,2019-09-09 18:00:00+00:00
CRYPT7,0.497423,2019-09-09 17:00:00+00:00
CRYPT7,0.180659,2019-09-09 04:00:00+00:00
CRYPT7,0.203379,2019-09-09 01:00:00+00:00
CRYPT7,0.366922,2019-09-09 12:00:00+00:00
CRYPT7,0.704179,2019-09-09 09:00:00+00:00
CRYPT7,0.965222,2019-09-09 06:00:00+00:00
CRYPT7,0.464812,2019-09-09 03:00:00+00:00
CRYPT7,0.213771,2019-09-09 14:00:00+00:00
CRYPT7,0.65015,2019-09-09 00:00:00+00:00
CRYPT7,0.549231,2019-09-09 11:00:00+00:00
CRYPT7,0.683154,2019-09-09 08:00:00+00:00
CRYPT7,0.957819,2019-09-09 05:00:00+00:00
CRYPT7,0.51198,2019-09-09 02:00:00+00:00
CRYPT7,0.081464,2019-09-09 13:00:00+00:00
CRYPT7,0.397018,2019-09-09 10:00:00+00:00
CRYPT7,0.637043,2019-09-09 07:00:00+00:00
CRYPT7,0.01182,2019-09-09 15:00:00+00:00
CRYPT7,0.610693,2019-09-09 16:00:00+00:00
CRYPT7,0.045561,2019-09-09 20:00:00+00:00
CRYPT3,0.300662,2019-09-09 22:00:00+00:00
CRYPT6,0.990151,2019-09-09 22:00:00+00:00
CRYPT5,38.724095,2019-09-09 22:00:00+00:00
CRYPT7,0.088747,2019-09-09 22:00:00+00:00
CRYPT2,8514.389043,2019-09-09 22:00:00+00:00
CRYPT1,279.599032,2019-09-07 23:00:00+00:00
CRYPT2,8110.698315,2019-09-07 23:00:00+00:00
CRYPT5,29.543852,2019-09-07 23:00:00+00:00
CRYPT4,88.170898,2019-09-07 23:00:00+00:00
CRYPT7,0.394492,2019-09-07 23:00:00+00:00
CRYPT6,0.552269,2019-09-07 23:00:00+00:00
CRYPT3,0.019586,2019-09-07 23:00:00+00:00
CRYPT0,0.111947,2019-09-07 18:00:00+00:00
CRYPT0,0.04785,2019-09-07 17:00:00+00:00
CRYPT0,0.079979,2019-09-07 16:00:00+00:00
CRYPT0,0.096955,2019-09-07 15:00:00+00:00
CRYPT0,0.030675,2019-09-07 02:00:00+00:00
CRYPT0,0.095636,2019-09-07 13:00:00+00:00
CRYPT0,0.057659,2019-09-07 10:00:00+00:00
CRYPT0,0.040765,2019-09-07 07:00:00+00:00
CRYPT0,0.068856,2019-09-07 04:00:00+00:00
CRYPT0,0.083206,2019-09-07 01:00:00+00:00
CRYPT0,0.096298,2019-09-07 12:00:00+00:00
CRYPT0,0.091206,2019-09-07 09:00:00+00:00
CRYPT0,0.130005,2019-09-07 06:00:00+00:00
CRYPT0,0.029318,2019-09-07 03:00:00+00:00
CRYPT0,0.113905,2019-09-07 14:00:00+00:00
CRYPT0,0.07355,2019-09-07 00:00:00+00:00
CRYPT0,0.028536,2019-09-07 11:00:00+00:00
CRYPT0,0.087979,2019-09-07 08:00:00+00:00
CRYPT0,0.09531,2019-09-07 05:00:00+00:00
CRYPT0,0.063722,2019-09-07 19:00:00+00:00
CRYPT0,0.062942,2019-09-07 20:00:00+00:00
CRYPT0,0.035452,2019-09-07 21:00:00+00:00
CRYPT0,0.162201,2019-09-07 22:00:00+00:00
CRYPT1,151.809828,2019-09-07 22:00:00+00:00
CRYPT1,224.565601,2019-09-07 18:00:00+00:00
CRYPT1,205.623954,2019-09-07 17:00:00+00:00
CRYPT1,82.928439,2019-09-07 16:00:00+00:00
CRYPT1,268.027743,2019-09-07 15:00:00+00:00
CRYPT1,171.406119,2019-09-07 02:00:00+00:00
CRYPT1,133.135608,2019-09-07 13:00:00+00:00
CRYPT1,225.49783,2019-09-07 10:00:00+00:00
CRYPT1,201.32213,2019-09-07 07:00:00+00:00
CRYPT1,27.566274,2019-09-07 04:00:00+00:00
CRYPT1,282.435473,2019-09-07 01:00:00+00:00
CRYPT1,223.485296,2019-09-07 12:00:00+00:00
CRYPT1,118.542949,2019-09-07 09:00:00+00:00
CRYPT1,143.030805,2019-09-07 06:00:00+00:00
CRYPT1,94.811384,2019-09-07 03:00:00+00:00
CRYPT1,228.150176,2019-09-07 14:00:00+00:00
CRYPT1,230.249629,2019-09-07 00:00:00+00:00
CRYPT1,273.518297,2019-09-07 11:00:00+00:00
CRYPT1,159.102827,2019-09-07 08:00:00+00:00
CRYPT1,133.71294,2019-09-07 05:00:00+00:00
CRYPT1,193.016113,2019-09-07 19:00:00+00:00
CRYPT1,100.798792,2019-09-07 20:00:00+00:00
CRYPT1,72.508538,2019-09-07 21:00:00+00:00
CRYPT2,5726.14827,2019-09-07 19:00:00+00:00
CRYPT2,8378.316428,2019-09-07 18:00:00+00:00
CRYPT2,5056.174089,2019-09-07 17:00:00+00:00
CRYPT2,5107.995535,2019-09-07 16:00:00+00:00
CRYPT2,19.478048,2019-09-07 15:00:00+00:00
CRYPT2,10015.159936,2019-09-07 02:00:00+00:00
CRYPT2,4930.628694,2019-09-07 13:00:00+00:00
CRYPT2,961.737848,2019-09-07 10:00:00+00:00
CRYPT2,8063.039707,2019-09-07 07:00:00+00:00
CRYPT2,9702.499168,2019-09-07 04:00:00+00:00
CRYPT2,3779.303589,2019-09-07 01:00:00+00:00
CRYPT2,7293.524633,2019-09-07 12:00:00+00:00
CRYPT2,4338.845475,2019-09-07 09:00:00+00:00
CRYPT2,6305.627047,2019-09-07 06:00:00+00:00
CRYPT2,799.606916,2019-09-07 03:00:00+00:00
CRYPT2,2788.30429,2019-09-07 14:00:00+00:00
CRYPT2,7158.624178,2019-09-07 00:00:00+00:00
CRYPT2,3054.756949,2019-09-07 11:00:00+00:00
CRYPT2,6636.431332,2019-09-07 08:00:00+00:00
CRYPT2,3625.949041,2019-09-07 05:00:00+00:00
CRYPT2,4028.730615,2019-09-07 20:00:00+00:00
CRYPT2,10447.542285,2019-09-07 21:00:00+00:00
CRYPT2,3560.573207,2019-09-07 22:00:00+00:00
CRYPT3,0.199698,2019-09-07 22:00:00+00:00
CRYPT3,0.092961,2019-09-07 19:00:00+00:00
CRYPT3,0.764002,2019-09-07 18:00:00+00:00
CRYPT3,0.35903,2019-09-07 17:00:00+00:00
CRYPT3,0.538753,2019-09-07 16:00:00+00:00
CRYPT3,0.418651,2019-09-07 15:00:00+00:00
CRYPT3,0.110111,2019-09-07 02:00:00+00:00
CRYPT3,0.158712,2019-09-07 13:00:00+00:00
CRYPT3,0.197363,2019-09-07 10:00:00+00:00
CRYPT3,0.696064,2019-09-07 07:00:00+00:00
CRYPT3,0.363634,2019-09-07 04:00:00+00:00
CRYPT3,0.287957,2019-09-07 01:00:00+00:00
CRYPT3,0.386935,2019-09-07 12:00:00+00:00
CRYPT3,0.285619,2019-09-07 09:00:00+00:00
CRYPT3,0.044311,2019-09-07 06:00:00+00:00
CRYPT3,0.352772,2019-09-07 03:00:00+00:00
CRYPT3,0.031797,2019-09-07 14:00:00+00:00
CRYPT3,0.73384,2019-09-07 00:00:00+00:00
CRYPT3,0.419448,2019-09-07 11:00:00+00:00
CRYPT3,0.100902,2019-09-07 08:00:00+00:00
CRYPT3,0.431493,2019-09-07 05:00:00+00:00
CRYPT3,0.628155,2019-09-07 20:00:00+00:00
CRYPT3,0.025327,2019-09-07 21:00:00+00:00
CRYPT4,0.903732,2019-09-07 21:00:00+00:00
CRYPT4,67.215695,2019-09-07 19:00:00+00:00
CRYPT4,167.631941,2019-09-07 18:00:00+00:00
CRYPT4,69.775109,2019-09-07 17:00:00+00:00
CRYPT4,47.927145,2019-09-07 16:00:00+00:00
CRYPT4,105.335397,2019-09-07 15:00:00+00:00
CRYPT4,125.676896,2019-09-07 02:00:00+00:00
CRYPT4,131.333828,2019-09-07 13:00:00+00:00
CRYPT4,163.397905,2019-09-07 10:00:00+00:00
CRYPT4,8.508783,2019-09-07 07:00:00+00:00
CRYPT4,124.248491,2019-09-07 04:00:00+00:00
CRYPT4,72.905426,2019-09-07 01:00:00+00:00
CRYPT4,124.166164,2019-09-07 12:00:00+00:00
CRYPT4,113.774908,2019-09-07 09:00:00+00:00
CRYPT4,130.784604,2019-09-07 06:00:00+00:00
CRYPT4,150.795639,2019-09-07 03:00:00+00:00
CRYPT4,21.225429,2019-09-07 14:00:00+00:00
CRYPT4,1.994566,2019-09-07 00:00:00+00:00
CRYPT4,112.745617,2019-09-07 11:00:00+00:00
CRYPT4,39.956776,2019-09-07 08:00:00+00:00
CRYPT4,103.290406,2019-09-07 05:00:00+00:00
CRYPT4,132.737217,2019-09-07 20:00:00+00:00
CRYPT4,27.304023,2019-09-07 22:00:00+00:00
CRYPT5,32.218285,2019-09-07 21:00:00+00:00
CRYPT5,51.645336,2019-09-07 18:00:00+00:00
CRYPT5,20.867827,2019-09-07 17:00:00+00:00
CRYPT5,23.360718,2019-09-07 16:00:00+00:00
CRYPT5,33.813541,2019-09-07 15:00:00+00:00
CRYPT5,61.676071,2019-09-07 02:00:00+00:00
CRYPT5,3.63763,2019-09-07 13:00:00+00:00
CRYPT5,42.230017,2019-09-07 10:00:00+00:00
CRYPT5,34.643809,2019-09-07 07:00:00+00:00
CRYPT5,26.091548,2019-09-07 04:00:00+00:00
CRYPT5,32.638371,2019-09-07 01:00:00+00:00
CRYPT5,0.735037,2019-09-07 12:00:00+00:00
CRYPT5,12.267937,2019-09-07 09:00:00+00:00
CRYPT5,8.05109,2019-09-07 06:00:00+00:00
CRYPT5,47.4894,2019-09-07 03:00:00+00:00
CRYPT5,62.264988,2019-09-07 14:00:00+00:00
CRYPT5,60.042488,2019-09-07 00:00:00+00:00
CRYPT5,2.243237,2019-09-07 11:00:00+00:00
CRYPT5,2.646236,2019-09-07 08:00:00+00:00
CRYPT5,21.153812,2019-09-07 05:00:00+00:00
CRYPT5,35.066612,2019-09-07 19:00:00+00:00
CRYPT5,68.436021,2019-09-07 20:00:00+00:00
CRYPT5,8.163006,2019-09-07 22:00:00+00:00
CRYPT6,0.325508,2019-09-07 19:00:00+00:00
CRYPT6,0.471763,2019-09-07 18:00:00+00:00
CRYPT6,0.839616,2019-09-07 17:00:00+00:00
CRYPT6,0.748946,2019-09-07 16:00:00+00:00
CRYPT6,0.732761,2019-09-07 15:00:00+00:00
CRYPT6,0.35745,2019-09-07 02:00:00+00:00
CRYPT6,0.517035,2019-09-07 13:00:00+00:00
CRYPT6,0.873978,2019-09-07 10:00:00+00:00
CRYPT6,0.338431,2019-09-07 07:00:00+00:00
CRYPT6,0.787591,2019-09-07 04:00:00+00:00
CRYPT6,0.99525,2019-09-07 01:00:00+00:00
CRYPT6,0.838048,2019-09-07 12:00:00+00:00
CRYPT6,0.01227,2019-09-07 09:00:00+00:00
CRYPT6,0.302789,2019-09-07 06:00:00+00:00
CRYPT6,0.729332,2019-09-07 03:00:00+00:00
CRYPT6,0.348625,2019-09-07 14:00:00+00:00
CRYPT6,0.444415,2019-09-07 00:00:00+00:00
CRYPT6,0.678114,2019-09-07 11:00:00+00:00
CRYPT6,0.950581,2019-09-07 08:00:00+00:00
CRYPT6,0.685708,2019-09-07 05:00:00+00:00
CRYPT6,0.340237,2019-09-07 20:00:00+00:00
CRYPT6,0.580678,2019-09-07 21:00:00+00:00
CRYPT6,1.042109,2019-09-07 22:00:00+00:00
CRYPT7,0.835858,2019-09-07 19:00:00+00:00
CRYPT7,0.793075,2019-09-07 18:00:00+00:00
CRYPT7,0.893794,2019-09-07 17:00:00+00:00
CRYPT7,0.138771,2019-09-07 16:00:00+00:00
CRYPT7,0.315516,2019-09-07 15:00:00+00:00
CRYPT7,0.831444,2019-09-07 02:00:00+00:00
CRYPT7,0.303507,2019-09-07 13:00:00+00:00
CRYPT7,0.101543,2019-09-07 10:00:00+00:00
CRYPT7,0.545037,2019-09-07 07:00:00+00:00
CRYPT7,0.45399,2019-09-07 04:00:00+00:00
CRYPT7,0.605524,2019-09-07 01:00:00+00:00
CRYPT7,0.59285,2019-09-07 12:00:00+00:00
CRYPT7,0.297413,2019-09-07 09:00:00+00:00
CRYPT7,0.005581,2019-09-07 06:00:00+00:00
CRYPT7,0.124384,2019-09-07 03:00:00+00:00
CRYPT7,0.781682,2019-09-07 14:00:00+00:00
CRYPT7,0.294482,2019-09-07 00:00:00+00:00
CRYPT7,0.709832,2019-09-07 11:00:00+00:00
CRYPT7,0.694734,2019-09-07 08:00:00+00:00
CRYPT7,0.357635,2019-09-07 05:00:00+00:00
CRYPT7,0.25246,2019-09-07 20:00:00+00:00
CRYPT7,0.337616,2019-09-07 21:00:00+00:00
CRYPT7,0.387145,2019-09-07 22:00:00+00:00
CRYPT0,0.012728,2019-09-07 23:00:00+00:00
